{"cameraMode":{"drawMode":0,"name":"Shaded","section":"Shading Mode"},"sceneLighting":true,"audioPlay":false,"sceneViewState":{"m_AlwaysRefresh":false,"showFog":false,"showSkybox":false,"showFlares":false,"showImageEffects":false,"showParticleSystems":false,"showVisualEffectGraphs":false,"m_FxEnabled":true},"in2DMode":false,"pivot":{"x":70.77107238769531,"y":-10.66347885131836,"z":56.20204162597656},"rotation":{"x":-0.18374840915203095,"y":0.010907834395766259,"z":-0.0020392299629747869,"w":-0.9829114079475403},"size":3.8385813236236574,"orthographic":false}