{"cameraMode":{"drawMode":0,"name":"Shaded","section":"Shading Mode"},"sceneLighting":true,"audioPlay":false,"sceneViewState":{"m_AlwaysRefresh":false,"showFog":false,"showSkybox":false,"showFlares":false,"showImageEffects":false,"showParticleSystems":false,"showVisualEffectGraphs":false,"m_FxEnabled":true},"in2DMode":false,"pivot":{"x":74.25216674804688,"y":-8.207778930664063,"z":57.091156005859378},"rotation":{"x":-0.16602008044719697,"y":-0.014202531427145005,"z":0.0023913176264613868,"w":-0.9860183000564575},"size":36.33152389526367,"orthographic":false}