{"cameraMode":{"drawMode":0,"name":"Shaded","section":"Shading Mode"},"sceneLighting":true,"audioPlay":false,"sceneViewState":{"m_AlwaysRefresh":false,"showFog":false,"showSkybox":false,"showFlares":false,"showImageEffects":false,"showParticleSystems":false,"showVisualEffectGraphs":false,"m_FxEnabled":true},"in2DMode":false,"pivot":{"x":3.1507394313812258,"y":3.3299975395202638,"z":-6.2858710289001469},"rotation":{"x":-0.23187150061130525,"y":-0.007011075969785452,"z":0.001656223670579493,"w":-0.9727395176887512},"size":4.563499927520752,"orthographic":false}